-0.37,9.13,-0.05
-8.11,-1.87,7.97
2.45,-0.07,8.58
-2.56,9.87,2.33
-0.48,2.54,-9.95
9.58,0.56,4.23
-4.03,-6.37,7.18
0.01,-0.95,5.08
1.87,2.58,6.22
5.16,5.79,6.8
1.44,5.1,3.25
-8.52,4.57,6.86
9.91,-9.96,-8.76
4.65,-2.35,4.37
-8.06,-0.69,-9.65
0.35,-4.54,-8.41
-3.1,4.1,-1.55
-2.06,2.38,9.86
3.34,-6.06,-2.68
0.8,-9.53,3.13
-8.35,-7.04,-2.48
3.54,-0.02,-7.11
8.78,-2.8,0.38
-7.48,9.87,-7.78
-5.91,6.51,-5.66
-9.71,-8.3,3.1
-1.77,-0.31,-8.6
0.22,0.02,8.25
-7.39,0.36,4.46
-8.5,6.27,-6.75
-8.13,4.78,4.19
6.09,6.99,0.73
6.36,4.36,0.66
-8.33,-1.43,9.65
9.9,5.56,6.7
5.86,-8.22,-7.6
9.38,1.85,-6.5
-4.47,7.39,-4.86
6.01,-8.4,3.48
5.87,3.34,-9.02
-8.41,9.64,-5.1
7.19,-1.55,1.16
-4.94,-3.41,5.61
-9.62,-4.64,5.66
3.18,2.38,2.4
5.62,-0.61,0.37
0.59,2.32,3.98
-3.62,-8.57,-0.68
-9.17,-4.79,5.29
-7.18,2.56,-6.46
5.44,-9.64,-9.53
5.9,-8.43,-8.24
-3.83,4.66,6.79
-3.06,-6.35,-9.11
-6.56,3.94,-6.2
-5.44,-8.76,6.25
-8.23,3.19,-4.63
3.09,-8.37,2.85
-1.18,-7.27,6.22
-4.5,0.97,5.27
-3.4,1.83,8.97
-3.15,6.29,-4.26
9.35,-0.39,0.34
7.96,-8.68,-2.04
4.61,6.76,4.96
-5.01,-8.1,-9.17
5.85,8.69,-9.9
2.07,5.02,0.56
4.37,9.15,4.68
3.3,-5.12,-2.28
3.08,-6.89,-7.69
-8.33,9.13,-5.07
-3.72,7.26,-6.12
9.57,-0.07,-0.43
5.87,7.52,7.54
7.21,-5.77,-1.63
3.8,3.73,1.62
7.12,-3.33,-0.05
-8.79,7.89,3.11
2.61,1.64,-5.66
5.35,-6.68,1.03
7.47,6.31,9.23
-6.03,0.61,-2.07
2.85,-4.58,-6.94
-7.8,9.48,0.57
8.77,-1.36,-2.33
-6.72,5.77,-1.88
8.28,-2.19,-5.16
-2.24,-7.81,1.12
-2.71,3.49,-0.06
8.05,1.34,7.27
-3.74,8.23,-8.72
-3.1,5.3,-3.21
-6.98,9.95,7.3
-2.04,-2.13,7.39
0.43,-0.16,-9.18
-4.73,1.83,1.17
6.87,-0.52,-5.3
4.65,1.25,-7.83
-5.19,8.73,-2.87
7.74,-4.05,-7.78
7.02,-3.59,-4.69
-5.53,-5.62,-6.48
-4.32,0.98,-5.33
7.99,5.56,-1.55
-8.88,-2.78,1.26
4.19,1.45,7.8
-2.24,0.54,5.02
-3.77,3.77,-9.87
0.59,5.53,-2.42
6.38,-7.14,-0.3
-9.47,4.09,-1.92
4.38,1.66,-7.94
8.05,5.45,-7.95
-4.8,2.25,4.22
8.27,5.11,0.12
-3.71,-8.74,-1.16
0.3,-6.4,-5.43
-0.06,3.88,0.59
-2.82,-1.12,4.28
-3.98,-5.66,-1.65
-9.65,-9.48,4.35
-4.17,0.02,-8.0
-8.71,4.85,9.1
3.03,9.11,4.66
-5.08,7.52,-7.05
7.77,-9.93,-1.79
2.26,-0.94,4.76
-0.95,-8.35,-6.47
-5.83,2.88,7.62
9.0,7.42,-4.79
10.0,8.57,-0.46
3.83,6.56,-7.25
4.65,7.48,-3.12
-1.13,3.47,4.09
2.8,-3.44,-1.3
5.39,-7.2,4.0
4.43,-9.23,0.29
1.64,-9.11,0.14
5.42,6.17,3.72
4.73,7.51,4.67
-6.02,-8.23,-2.92
-4.84,-8.64,7.42
-3.43,-9.02,-4.23
-3.19,-0.86,-3.28
1.89,1.63,-8.65
-4.24,5.11,1.12
6.3,8.73,-3.58
-8.38,-5.48,-1.98
-3.84,-1.56,9.9
-7.66,-1.48,-8.59
2.51,9.92,2.36
9.49,4.58,9.69
-6.0,-0.56,8.26
-7.16,7.74,2.82
-2.92,3.89,-7.41
-5.65,-0.95,3.42
-0.13,7.57,6.99
7.16,-0.25,-1.76
-6.83,7.55,0.06
9.17,8.74,-1.33
7.37,-7.18,1.78
-3.02,7.04,-0.48
8.3,5.44,-1.73
-7.14,-7.98,4.34
-6.17,1.02,-8.92
-2.63,2.56,-0.6
7.4,0.51,2.77
4.11,-7.91,-9.67
-3.64,-9.52,2.06
-0.75,-2.09,-0.42
8.92,-2.43,1.39
4.06,3.0,-9.84
-1.78,-1.34,5.99
0.38,3.96,-2.7
6.38,5.94,5.2
-2.98,-2.69,-2.09
-7.4,-8.86,-2.09
-8.66,-9.17,-0.77
-8.42,5.59,-4.65
7.1,1.56,-2.45
-2.49,5.53,5.16
-6.01,-7.02,-2.99
-6.96,1.4,-6.68
-3.49,-2.11,9.09
1.59,1.7,-7.57
-4.81,-6.7,8.02
4.52,9.72,2.17
-4.95,7.55,7.2
4.77,3.0,4.45
9.93,-2.74,-1.57
-4.91,-9.07,-6.32
-5.76,2.7,-0.08
5.27,-4.83,-4.31
0.55,1.05,2.27
9.39,7.01,-2.36
-5.02,2.81,-2.58
-6.75,-4.4,-9.63
4.88,-1.01,-7.42
8.71,-1.5,5.75
-4.83,5.06,7.24
-5.34,5.68,4.71
-6.33,-7.25,-0.48
0.44,-8.13,4.06
3.15,1.04,-5.98
-9.71,4.11,5.44
0.01,-7.58,1.24
-9.42,-2.38,-4.49
9.98,-0.95,-0.76
-7.62,-9.48,-4.7
3.1,-4.22,-1.15
-6.49,-1.6,-2.49
-7.53,8.85,8.03
-8.97,8.51,-2.04
6.86,3.23,1.96
-6.96,-6.58,-3.73
-7.02,5.21,9.12
-1.9,-9.75,4.3
3.33,-8.54,0.61
-4.96,-3.89,8.16
-1.39,-3.62,8.71
0.56,7.54,6.12
-4.87,-1.55,-3.14
9.15,3.12,8.7
4.53,-1.91,6.51
9.73,-2.77,7.6
6.34,0.65,7.23
3.65,-9.25,-4.28
-7.17,-0.3,1.02
-4.37,8.23,5.15
5.83,7.73,1.99
8.95,5.78,6.55
1.95,9.5,8.19
-2.72,-7.22,-9.35
4.22,2.51,-9.43
5.16,-7.91,-9.72
-4.66,-6.86,-9.31
-8.85,5.39,3.92
3.86,-5.52,7.0
4.43,6.13,8.48
-9.03,0.18,1.04
7.06,-8.1,-6.34
-2.1,-4.58,7.28
4.24,-4.04,-9.78
2.75,7.28,5.33
-5.46,2.26,6.14
-0.71,-9.1,1.96
3.92,-0.06,-7.73
2.28,5.98,8.64
4.66,-0.39,4.14
-2.93,4.93,7.91
2.36,-1.16,-5.72
3.44,8.83,8.5
-1.46,3.2,-2.59
-8.08,-9.33,-4.11
-8.09,-4.95,9.73
-2.34,-6.96,7.76
6.08,4.14,-9.05
-8.66,-2.33,4.24
-7.04,-8.47,9.76
0.82,-8.29,-0.27
2.42,-7.14,7.6
3.17,-8.8,-8.16
-6.57,-6.88,5.15
-4.66,4.49,-4.64
9.22,-2.75,9.38
-7.99,9.9,3.24
2.37,0.1,-5.12
-1.48,-1.18,-3.82
7.48,-2.97,9.72
-0.91,2.95,9.59
-6.01,7.03,5.37
6.88,3.95,-7.76
6.71,5.16,7.22
2.51,6.05,-0.42
-9.65,-2.57,-8.54
2.26,-1.17,4.81
-3.73,-3.83,5.04
-4.47,6.27,0.96
5.34,-3.69,-7.23
-3.76,-2.12,5.31
5.33,1.83,8.71
0.17,2.29,9.91
6.82,3.29,7.13
0.06,0.43,5.24
8.37,-7.83,-1.99
1.96,-9.83,-5.98
6.26,-8.19,1.57
4.23,2.4,4.07
-6.28,-4.83,-9.66
7.08,3.31,-0.3
-9.59,6.98,-8.81
7.28,3.8,-4.06
2.63,5.04,-5.08
-5.6,-3.84,-8.93
-5.51,4.75,5.43
0.7,4.59,4.35
-6.96,8.26,-6.22
4.7,-3.97,-4.68
8.5,-0.99,-6.06
5.88,4.95,0.28
-9.05,2.59,-6.48
6.28,3.91,-8.14
7.19,-8.66,-3.62
-9.02,3.3,0.48
-8.0,6.68,-2.65
-9.71,1.79,-6.1
8.08,8.4,9.73
-3.93,-7.14,6.97
-1.1,4.29,-7.95
4.35,-4.65,-8.09
-0.42,3.01,-2.2
6.32,0.09,-8.43
-0.14,-7.65,2.96
1.14,-6.68,-8.36
2.94,-3.63,-5.03
9.51,-1.48,-3.83
-5.04,3.11,6.52
2.09,0.87,-0.38
9.2,7.13,-4.04
6.13,4.25,1.11
-7.81,-8.33,9.67
3.04,1.61,-7.52
1.13,-4.08,0.81
2.37,-8.75,6.44
-7.74,-1.39,-8.44
-6.95,-0.42,1.19
-5.8,0.23,-5.9
5.63,-9.58,-3.42
0.02,9.2,9.73
2.69,-2.35,0.7
-9.45,-4.78,-5.31
9.16,0.97,-6.91
4.62,-6.84,-3.16
3.41,-6.9,4.78
3.98,-2.52,6.2
-1.94,-1.45,6.37
-4.95,-7.79,-7.53
-5.55,-7.97,-3.51
-8.68,2.76,6.87
-1.35,3.22,8.57
9.37,4.24,5.18
5.25,2.31,-0.89
-6.48,-9.97,-5.07
-7.16,8.23,-0.51
-7.22,3.14,5.53
9.68,-1.0,4.96
-9.65,3.02,5.79
0.1,7.74,-0.21
-7.87,6.75,-0.54
-3.09,-0.31,9.55
-3.58,-6.76,-1.03
-2.17,6.24,-8.21
0.08,-9.82,6.82
5.01,3.68,-3.77
6.68,-2.55,-1.0
-0.68,7.8,-5.58
0.99,8.67,-6.82
-8.47,-4.1,-0.2
1.66,3.88,-6.86
7.98,-0.11,-5.76
1.26,-1.28,7.86
-8.26,8.55,-1.85
7.43,0.35,-7.32
-9.52,3.01,5.94
2.69,-8.1,-2.29
-6.07,-9.68,-7.46
-9.73,-4.51,6.08
-9.36,-3.02,6.45
-0.72,8.15,9.75
-8.49,5.54,2.69
-5.66,3.26,-0.18
8.61,8.65,-5.6
-8.21,3.23,6.74
-5.76,4.27,0.71
2.37,9.26,0.8
0.01,9.45,5.06
9.2,6.32,-5.04
2.24,-7.52,-4.96
-8.31,-0.32,5.99
9.94,-9.07,-4.54
-5.55,1.45,-5.61
6.46,-5.23,9.43
0.19,1.08,-3.34
9.98,1.2,0.92
-7.58,-6.17,2.23
4.52,-2.37,9.73
3.52,-7.37,1.63
7.42,-0.06,7.45
-1.12,-7.22,-0.32
-5.35,-0.07,-8.87
-7.33,4.74,6.38
-9.37,7.42,7.13
-6.34,1.45,0.28
5.58,5.32,-6.87
8.34,7.65,9.9
3.71,7.73,4.04
-9.07,-2.25,-4.77
-3.26,-6.54,-5.24
7.96,5.52,5.95
3.71,7.25,0.44
-2.6,-8.62,3.07
-9.05,1.73,-6.93
-8.08,-5.46,-8.38
-9.54,-7.81,0.64
1.75,-9.43,3.41
-4.58,-5.83,-9.39
9.04,9.38,4.45
-1.01,5.73,1.32
-3.34,2.24,-8.71
8.68,6.34,5.34
9.29,9.42,1.61
7.25,9.1,-6.82
9.3,7.64,-1.1
9.15,-3.53,5.31
-5.56,-9.85,0.35
0.64,3.84,-8.04
2.96,-0.39,-6.23
2.38,-3.42,8.56
-7.36,-3.28,-9.05
-0.12,-8.93,-3.03
0.44,-1.35,-0.61
-4.5,-2.41,-8.12
1.81,-6.16,-0.86
1.59,-7.28,1.07
6.19,6.49,1.46
7.32,-2.24,-2.56
6.96,-9.4,2.55
-0.67,-0.48,-5.67
9.89,4.76,8.2
5.28,-5.48,3.15
-5.09,-2.9,-0.33
-6.69,8.06,1.52
-1.79,9.47,-4.14
8.45,-7.9,-5.67
-4.57,1.95,7.18
-5.55,4.19,8.72
-2.93,0.39,-3.22
-1.9,0.6,-9.13
-0.7,-8.3,9.84
-3.76,-0.82,2.6
4.88,3.36,-4.11
-5.66,-9.97,-9.69
-8.79,1.58,-4.61
3.99,9.12,-5.63
1.64,9.33,0.92
-4.52,-4.11,-8.0
-4.67,6.46,8.54
-8.9,-0.51,8.01
5.89,5.72,-7.37
9.18,-1.82,-1.87
-0.32,-6.34,-7.93
5.19,-2.18,4.17
-0.62,-3.04,-0.36
6.92,9.34,-5.09
-3.71,1.5,0.83
5.22,1.68,-5.83
3.4,9.25,-5.04
-7.13,-5.22,0.33
3.88,-8.89,-9.81
4.94,5.83,7.44
2.42,9.2,0.62
1.58,7.0,-1.53
0.61,-4.33,-8.32
-8.74,9.88,2.92
9.76,-0.04,3.21
-4.12,9.32,7.68
-7.74,-6.32,-2.4
-4.72,-4.69,9.77
-2.62,7.16,5.26
-9.56,2.82,-8.57
1.84,1.16,-7.42
-9.36,0.69,-3.58
-3.59,-2.12,7.44
-1.45,3.95,-9.39
3.45,9.02,5.95
-7.97,-4.51,5.85
-3.1,-6.92,3.4
2.31,-5.26,4.14
3.68,-4.34,2.39
-2.12,-4.53,-2.87
0.86,5.99,-0.76
-5.34,9.52,-8.81
-1.44,0.17,-3.54
7.4,5.24,7.43
-4.7,5.1,0.27
-1.74,-7.46,6.25
3.0,-6.59,-7.62
-5.27,2.45,-8.96
0.84,1.45,3.89
-8.25,0.18,-5.06
-8.92,-7.68,8.2
-7.32,-1.28,3.14
-9.25,-2.87,7.52
4.93,-8.89,5.18
7.24,-4.18,5.95
-8.81,-5.96,-8.59
-1.95,-8.67,2.74
-0.17,3.36,8.1
9.45,5.82,7.63
0.36,-3.4,-1.53
8.6,0.14,3.55
-8.62,6.12,3.16
4.76,-6.57,6.54
-3.15,-6.58,7.72
-3.38,3.66,-6.6
3.48,7.11,-1.6
-2.92,3.65,6.69
-5.48,-6.32,2.21
0.93,6.83,-8.02
-8.07,0.44,5.95
3.07,-0.58,-7.6
-3.93,6.08,-2.8
3.56,9.0,0.77
6.82,4.24,3.22
-9.22,8.95,-7.24
1.73,7.82,9.01
-0.66,-8.78,-2.91
-0.09,-1.83,1.43
-4.76,-2.03,-5.68
-2.62,-3.2,-4.47
6.58,6.4,-5.67
2.76,8.38,-2.44
4.5,-2.27,-2.14
-4.12,-6.03,-3.81
-9.87,-8.39,-6.36
-9.52,-5.54,-3.87
-9.53,7.74,4.64
-0.17,-9.51,3.46
-4.47,4.36,1.91
8.79,8.34,-3.1
5.7,-7.63,-2.96
5.58,-8.19,9.93
8.5,-2.7,3.2
-7.87,9.69,-6.65
6.82,-6.28,1.26
0.04,-3.85,1.99
6.03,-2.27,-6.8
-7.7,-4.6,8.65
7.03,4.29,4.9
-2.25,-6.87,-0.59
9.81,1.84,9.57
-2.34,-5.67,-6.76
7.37,2.35,6.49
-7.94,-2.48,8.29
3.5,-5.09,-0.11
-5.6,-0.62,6.02
4.86,-1.39,-8.01
-1.14,9.91,2.18
7.37,-5.69,-5.78
-3.1,1.85,-3.18
6.35,0.19,-0.82
-5.01,4.15,-5.14
4.19,-0.94,4.76
-1.15,-4.61,-8.37
0.23,2.08,-8.51
-1.55,5.06,6.4
-7.58,8.46,0.48
8.54,2.69,6.91
0.93,2.55,0.95
-3.08,-5.54,-3.01
-1.6,-6.58,6.33
-3.23,-0.53,-2.21
-9.3,-5.59,-4.16
-4.88,1.56,-2.17
-6.24,2.88,2.26
0.47,7.38,9.66
4.05,2.33,-7.8
-0.15,0.31,0.15
1.55,6.81,-3.55
-8.02,-1.34,-7.53
8.21,7.37,4.75
-0.69,7.25,3.24
5.04,5.62,-8.8
1.86,1.38,-9.1
-1.56,4.71,-7.5
-3.96,6.38,-9.75
-7.27,7.89,-8.68
0.72,0.36,5.02
0.02,-8.59,-5.23
5.68,1.9,-9.48
0.24,5.67,6.22
1.12,-7.23,-9.74
-6.5,-6.87,8.29
5.46,6.87,-2.25
9.74,6.27,-0.91
-6.58,4.81,-2.04
8.84,8.75,9.73
1.45,8.85,3.59
0.26,-1.18,5.55
-6.23,-9.92,-7.96
-8.2,-5.41,-8.2
4.1,-9.11,-1.19
-5.16,-9.92,6.66
3.33,1.91,5.06
5.99,1.35,9.77
-2.94,2.61,8.13
5.24,3.29,9.48
-4.43,9.67,2.98
-0.73,-1.31,5.6
4.26,3.3,0.38
-6.24,-5.03,2.68
-9.78,-3.34,-9.62
7.19,3.25,5.25
-8.11,5.85,-1.94
5.36,2.36,-3.26
-7.04,-6.93,-4.6
2.29,2.03,-8.76
0.52,-3.23,-9.49
-7.97,2.83,6.95
-0.52,-5.68,-1.55
9.52,6.97,9.51
6.89,-8.29,3.22
-6.12,-5.95,-6.24
-7.56,-9.67,4.16
-6.29,7.2,0.22
8.38,-2.84,-8.56
-4.48,-3.94,-1.93
-3.11,-4.75,-5.73
-5.47,-7.05,7.83
-8.81,0.09,8.2
-7.16,5.49,-0.47
3.62,9.94,6.24
-1.48,-6.24,-6.6
2.93,-5.16,-5.35
-7.92,-3.19,5.31
-7.87,3.05,0.15
-6.58,3.7,7.17
4.21,3.79,4.61
0.65,2.76,4.95
-2.71,-5.99,8.63
5.71,0.05,2.21
8.42,-9.42,2.48
-6.8,-2.8,-4.23
-6.53,9.1,1.94
-8.28,0.25,-3.2
7.5,8.19,-0.95
-4.08,-9.42,0.86
-0.1,-7.62,-9.24
-3.25,-9.77,0.19
-4.1,-9.59,-9.98
-8.55,-9.09,3.32
7.67,4.43,2.65
9.89,8.35,-3.97
-5.15,-4.52,0.64
-7.07,2.98,-0.68
3.72,-9.65,7.29
3.24,5.32,3.34
0.22,-0.96,-8.53
1.33,-7.37,3.32
0.93,8.54,1.05
6.18,-2.68,0.06
3.89,-2.38,6.03
-2.73,8.27,2.5
5.67,0.84,5.11
-7.86,-0.12,7.71
-3.77,6.15,-0.93
-6.42,8.3,4.97
-7.37,7.32,1.58
9.06,-6.75,-1.63
6.53,5.59,9.54
0.69,-3.74,0.33
1.1,-6.81,-5.53
-8.94,-9.83,6.06
-4.11,-7.48,2.3
2.49,3.64,-1.72
4.52,-6.12,-3.74
7.55,-7.99,-5.84
-2.79,2.57,-8.82
-8.07,6.06,5.77
-4.52,-4.07,1.69
-9.82,-8.2,6.84
-8.7,-2.39,-1.75
-8.06,4.05,-6.4
1.69,-1.01,1.84
0.6,-5.58,-8.97
5.24,-1.39,-8.18
-2.64,-6.62,-8.87
3.65,-9.48,7.21
0.35,5.33,-3.11
3.19,0.67,-8.43
6.64,5.78,4.13
-1.73,-1.97,8.53
-4.83,3.21,4.64
-6.62,-8.57,5.79
-4.7,8.2,0.59
-6.33,-7.49,7.05
1.53,-0.02,-1.05
-9.36,1.61,-9.27
1.24,-8.4,-9.26
6.72,5.67,-9.7
8.17,-3.77,8.38
-7.79,3.01,3.95
2.36,8.9,-4.72
0.05,-0.55,9.82
7.7,5.3,-8.17
6.28,8.65,5.73
-1.09,-5.63,6.81
1.16,4.78,5.43
-7.07,-8.29,4.56
-4.36,-5.11,-8.45
7.19,-7.32,-4.44
-2.39,4.97,-4.92
-0.84,-6.84,8.78
-1.31,3.61,1.27
-4.17,7.98,-9.36
9.01,4.57,-3.34
2.66,-3.59,-4.28
-1.27,-3.92,1.81
4.15,-8.56,8.1
5.05,-5.03,-1.62
-6.61,-9.08,-1.8
-2.06,8.17,3.71
-0.75,0.9,-1.73
-3.28,-2.03,3.73
9.07,-2.56,7.9
-5.42,-4.16,-3.15
3.19,-5.5,-8.13
8.11,6.98,-9.54
-3.08,6.75,1.24
-0.34,6.12,-7.56
-9.7,5.16,-0.39
-1.28,8.43,0.33
6.2,-2.6,5.68
1.23,3.67,-6.69
4.55,7.01,-8.07
-0.75,-5.98,-7.68
-2.34,-4.49,5.03
-9.1,2.32,1.8
-8.24,-2.74,7.72
9.62,-4.27,8.5
6.14,-2.6,9.87
-7.23,-8.45,-0.3
-9.13,-3.3,9.57
-3.42,2.95,-6.8
-7.99,-1.12,-3.66
5.96,0.2,2.51
9.45,5.21,1.68
-5.24,5.65,3.18
6.65,-8.09,8.95
2.25,8.47,4.22
7.36,-5.35,-0.95
1.18,-2.54,8.48
-9.92,-5.88,10.0
5.94,8.71,9.38
8.42,4.88,7.39
-6.73,-7.42,1.44
0.15,2.22,9.16
3.91,6.61,4.66
7.01,-4.36,-2.23
3.24,-6.58,-5.87
-3.09,8.38,8.52
-8.83,7.88,-3.64
0.44,5.5,4.23
-1.59,5.17,0.14
-7.57,9.21,2.13
0.92,4.2,-7.5
2.75,6.83,2.68
-4.34,-4.63,-8.63
-2.1,5.11,-9.16
-7.52,-2.9,-5.61
-3.86,2.75,6.21
4.29,-0.96,-0.25
-2.38,-5.98,-4.63
-6.85,3.21,-0.62
5.12,2.94,2.73
3.59,-4.2,3.13
-2.15,7.04,0.77
2.7,8.12,-9.53
-6.65,8.37,6.24
-2.86,-2.04,3.63
-8.13,0.67,-2.23
6.83,-4.83,3.21
-0.65,-6.63,-0.42
-6.73,-2.73,1.54
8.5,-4.14,-2.58
-0.51,9.01,-7.72
-7.2,-6.4,-1.29
-5.94,1.04,5.55
9.95,0.58,4.25
-5.23,0.88,-1.13
-2.46,-4.04,-6.47
7.62,-3.86,-7.91
-3.07,-4.18,4.53
4.3,-5.81,-7.8
1.07,-7.13,8.1
8.2,-2.67,-0.31
6.08,-1.7,-5.81
-0.43,0.43,-6.92
-7.49,9.27,-9.56
4.81,9.37,0.22
-8.0,2.8,-2.78
3.8,-4.63,3.43
-8.01,3.73,-9.14
-5.41,-0.7,-9.38
7.41,8.6,-7.67
-5.46,1.08,-9.0
5.52,-2.83,6.75
5.17,-6.56,1.61
-1.11,-3.41,-6.41
-9.08,3.69,0.1
9.03,2.98,-2.82
1.74,-4.25,3.31
-9.76,-0.79,-2.64
7.27,-7.5,9.33
1.99,-0.99,-1.35
5.79,9.85,-9.21
9.05,-7.63,-5.22
1.14,-6.22,5.16
7.75,7.48,3.06
4.45,2.39,-3.56
-5.12,7.2,8.39
4.12,4.43,6.3
3.66,-2.61,9.66
8.08,7.69,-5.23
1.59,-9.33,4.89
-7.53,-3.5,9.47
9.13,5.56,1.93
-6.52,-3.1,-7.81
3.66,5.56,-7.16
-5.87,-3.39,6.46
-8.54,-5.76,5.53
-5.8,8.67,-0.69
-8.11,-9.51,1.21
6.09,-1.11,-8.24
6.75,8.22,1.0
-6.61,-5.17,4.05
2.62,-8.53,1.63
6.09,1.25,-8.75
-4.74,6.2,-1.54
4.83,-2.11,7.02
3.94,3.84,6.05
8.25,-4.26,9.13
-1.19,6.63,0.26
2.32,-3.76,5.13
-4.51,4.76,9.16
-4.01,-8.04,8.69
-2.42,-0.2,-5.97
2.01,-5.77,9.98
0.59,-0.07,-2.88
7.03,-9.91,1.95
-4.94,-5.78,-9.34
1.84,-5.64,-2.78
-6.8,-8.11,3.12
-7.32,7.38,9.36
-4.94,3.72,-5.8
2.3,-1.6,-1.57
5.72,8.01,-8.36
3.0,6.14,8.43
2.17,-7.72,-5.07
-5.95,5.39,-8.75
5.39,4.85,8.15
-5.76,-8.36,-7.07
7.0,1.85,7.78
-6.21,5.32,-8.25
4.88,2.25,-0.46
-1.72,1.77,1.22
-6.59,-3.9,3.96
1.44,1.75,-7.83
3.15,-5.12,-3.4
0.32,2.25,7.64
-1.22,0.27,1.8
7.3,-2.35,-0.36
5.35,7.47,-7.0
-8.48,3.8,-6.98
2.47,-1.44,7.25
-5.92,4.87,-7.74
8.62,-3.56,-5.6
3.0,2.29,-5.31
7.04,4.65,8.72
-5.74,-8.5,5.62
8.04,0.82,-3.3
9.6,-2.8,-2.28
-1.11,-1.31,2.41
1.23,1.7,4.55
9.17,-6.77,8.86
-4.98,1.11,-3.5
2.46,4.66,0.77
4.13,-9.38,-6.83
5.91,9.6,-2.56
2.23,-2.38,-1.12
-3.37,-3.18,-8.54
-4.26,-8.88,-0.16
-8.46,-6.89,-8.0
7.54,-0.43,0.26
0.37,3.04,-2.69
2.1,-0.91,-1.46
-6.73,-6.21,-8.44
1.59,9.1,-5.18
9.26,4.46,6.87
-9.49,-1.03,-1.37
9.64,-4.23,-2.03
-5.62,-8.4,-7.76
0.14,8.71,5.72
9.13,-3.47,-9.99
4.65,-2.68,-3.4
-5.48,-0.77,2.84
2.74,0.96,-6.27
4.23,-9.08,3.2
2.72,-7.52,-8.49
1.5,5.27,-2.84
-9.7,2.91,4.84
6.24,9.74,6.52
-2.67,-1.16,9.89
2.27,-8.55,-3.84
-6.17,-9.14,5.43
-3.75,4.62,-0.42
-2.91,-4.66,-0.9
-6.53,-6.24,7.63
-0.25,-8.45,3.49
-5.47,4.74,-6.26
1.99,-6.21,-8.78
9.3,-0.21,-5.89
8.98,5.91,-1.04
9.63,-8.94,0.87
-7.65,-6.1,-9.11
1.35,0.67,-2.19
2.17,8.17,2.98
-9.8,7.06,-1.82
-3.62,-5.03,7.64
-4.8,-5.56,-0.26
0.63,-4.96,-5.88
-3.0,-4.31,-2.76
-6.68,3.73,-2.34
-6.53,-8.14,8.99
-7.2,-8.93,-4.38
-5.24,6.14,7.39
8.27,-3.19,-0.68
7.43,-1.27,8.21
-0.3,-9.51,-3.27
-6.54,7.79,-3.35
-4.78,-7.55,4.22
-8.04,-8.12,-6.8
-9.12,7.82,5.31
2.26,-8.42,4.4
2.73,-2.05,7.18
-5.08,5.88,9.94
9.01,-0.21,0.97
2.41,-3.09,-2.03
7.05,6.88,1.17
1.42,-7.11,-8.91
1.81,4.88,-4.75
-0.22,-1.29,-8.69
-4.92,4.65,-9.5
5.35,-1.31,-6.41
-8.69,2.99,3.5
-4.8,1.47,-4.54
4.22,2.71,4.79
4.71,8.18,7.3
-9.49,-1.65,6.89
0.64,-9.67,0.52
-8.93,-6.39,-5.68
1.47,9.21,1.94
-2.65,-9.24,7.1
6.94,5.12,2.67
-7.42,-7.24,8.97
-7.12,6.74,-4.03
9.63,-8.33,8.47
-6.04,9.7,-6.02
-6.22,4.53,-8.86
-9.09,8.45,6.31
-4.01,7.46,-1.7
0.63,-9.2,9.19
-9.24,9.83,-2.17
-8.64,9.58,5.07
-9.73,-6.63,1.5
-5.85,-9.18,-1.34
2.29,-1.38,9.45
2.23,-5.22,6.39
-9.57,-9.98,-8.39
-6.88,-5.97,-9.3
-3.83,-6.73,8.07
-4.03,-8.23,-4.67
6.77,-4.73,-1.23
-9.5,6.52,-8.94
2.88,9.72,-7.17
-0.8,-0.88,-3.5
-4.27,2.06,-7.6
-0.04,-3.85,1.14
7.2,-3.76,3.16
9.51,8.61,-8.5
-8.98,0.79,0.35
-1.25,6.58,-2.23
-9.26,-7.91,-6.48
-0.89,6.44,9.96
-2.99,1.07,-2.45
-1.18,-1.18,-3.98
-0.14,-2.34,3.07
9.47,-6.71,1.1
-8.06,-0.38,9.79
-6.08,5.56,-2.4
-3.9,-1.88,4.62
3.12,-2.61,-5.77
-8.76,-4.87,0.37
-7.38,-3.16,-5.82
3.11,-3.4,-7.33
4.68,-4.09,7.83
-8.97,1.79,1.43
-1.36,-0.74,2.53
-0.66,3.51,3.89
2.7,-0.8,-2.91
2.28,0.53,7.54
6.33,0.38,-0.17
-6.12,4.16,8.76
8.33,4.88,-8.23
-0.63,-4.19,5.02
-0.7,-7.66,0.67
-5.35,-7.62,-4.15
-7.63,3.63,1.63
2.44,-8.32,-8.78
-4.28,2.93,1.61
-6.2,8.18,-4.61
-1.82,-6.7,2.13
-9.39,0.34,2.34
-4.34,7.25,7.74
6.51,1.2,3.98
3.87,-7.46,-6.01
-8.66,8.97,1.15
-7.75,0.42,3.45
5.14,7.19,5.64
2.08,0.86,-9.03
-9.63,1.29,-1.64
9.78,-1.43,7.41
-8.04,5.75,7.78
-3.91,-3.09,7.01
-6.2,-2.69,4.93
5.8,1.02,-2.61
-5.22,-0.78,5.21
-0.11,-4.2,-6.21
9.24,-6.33,5.59
9.9,5.18,6.24
3.75,-9.16,1.58
5.88,-4.56,-8.98
8.29,-5.95,1.11
0.32,2.8,-2.75
-4.18,-7.22,3.49
-4.85,9.81,1.74
1.13,-7.97,-7.31
3.39,-7.0,-1.09
2.95,-8.91,4.88
-0.05,-9.44,-0.42
-7.69,-5.82,0.9
2.54,-1.42,4.8
2.41,-4.92,-9.34
-4.12,-4.54,9.84
2.2,-9.75,-0.41
-2.92,7.6,-6.41
-1.89,1.11,-9.9
-7.63,4.42,-6.36
8.24,-6.8,-3.4
-0.38,-7.0,-3.06
1.69,8.95,7.28
-4.34,-7.64,-2.29
-7.34,6.63,5.24
-9.43,-5.79,-0.5
-4.45,9.8,-1.07
-2.99,-6.23,6.85
-3.24,-0.48,-8.68
0.25,5.61,5.89
-9.1,-9.48,9.48
-0.06,3.23,-7.06
6.21,-2.87,6.53
0.51,7.46,9.34
3.19,-1.74,9.29
8.89,-3.73,-3.42
7.41,5.71,-8.29
-4.78,-9.05,-7.74
-2.59,1.22,2.34
-5.47,-5.98,0.78
2.39,1.22,-7.51
-9.15,-4.24,4.77
-9.6,8.6,-3.75
3.31,-1.05,3.59
3.15,-8.08,-6.94
-1.87,1.02,-1.9
5.6,3.08,-8.2
8.7,-1.65,4.77
3.1,-8.32,-9.99
7.53,8.43,7.68
9.41,-6.06,8.67
1.84,-5.69,-4.07
6.48,3.2,4.87
7.91,5.8,0.7
1.27,3.99,2.78
-0.14,-2.53,7.11
-0.23,-4.66,-1.9
1.25,1.41,1.71
-1.07,2.02,-2.09
-5.38,6.43,1.51
3.28,-3.12,-8.56
-9.37,-6.96,-9.45
-6.27,-7.11,9.32
-0.94,-1.58,0.58
4.62,0.35,-2.99
-4.69,2.96,7.14
5.73,8.85,7.19
-2.2,3.93,5.37
-3.29,-3.5,-6.71
-5.23,2.91,4.39
-3.32,-4.91,-2.59
-6.48,-4.26,-6.5
3.43,-6.42,-5.5
-5.33,-4.75,1.18
0.85,7.73,8.59
2.49,-2.75,-7.45
-3.15,-8.81,5.71
1.86,6.3,-7.19
0.41,-6.42,9.54
-0.34,5.57,-0.41
-6.56,2.02,7.5
2.51,-8.05,-0.07
5.16,-4.56,9.31
-2.51,6.65,7.18
2.54,1.72,-9.18
4.59,6.3,-8.12
8.99,1.16,8.77
3.21,0.16,-1.64
-3.23,1.37,-3.98
8.79,-4.53,0.95
-2.76,-4.85,-6.58
0.08,0.07,1.19
-9.59,-9.72,-6.37
-5.28,-0.01,-8.27
8.14,5.42,-3.01
-3.12,-0.71,-9.32
-7.35,-4.67,-8.56
7.81,-9.51,8.49
6.42,-6.46,4.05
0.59,-3.09,5.03
6.26,7.03,-5.79
1.8,-7.84,-6.47
-7.59,-5.75,8.76
-4.46,-1.81,1.64
4.63,0.45,3.62
9.87,7.41,-3.34
8.05,-4.16,5.48
-6.03,3.57,-1.29
-0.82,-2.64,9.24
-3.43,-4.32,7.99
7.73,-0.56,7.31
-8.19,-9.12,8.19
5.18,-1.9,-3.97
-2.53,8.1,-6.6
4.72,3.38,-7.37
5.51,-1.65,8.13
-8.36,-3.26,-1.0
-9.8,1.39,-2.54
6.53,1.7,-9.98
-7.88,9.65,-9.75
7.92,-3.33,8.54
4.97,-1.33,-3.6
5.11,-8.39,-6.51
-7.48,8.77,8.65
1.52,-3.65,8.89
8.73,4.42,-6.57
9.39,-4.42,4.59
6.85,-2.6,3.64
4.36,7.82,9.48
-9.19,5.77,-4.06
-4.7,-7.5,9.06
9.95,-5.95,5.33
0.72,1.17,0.21
6.21,1.48,-1.59
6.45,-6.59,8.94
4.65,4.6,8.7
3.82,9.77,1.4
-7.91,-8.14,-1.85
-3.26,-8.6,3.56
5.91,8.97,-0.23
4.68,-3.9,5.6
5.58,8.86,-9.18
-0.68,1.01,-1.06
0.86,-4.86,-2.55
-1.06,5.39,1.81
5.1,-7.28,3.1
-5.71,3.95,-6.97
-5.42,-1.3,-6.58
2.97,3.96,-8.36
6.78,-5.11,7.04
0.19,-9.89,-0.29
-7.18,-0.94,8.67
-8.48,2.11,3.36
-3.72,0.93,-8.01
-8.84,4.25,8.78
-8.59,9.94,3.08
-9.52,3.39,7.95
2.75,-0.5,9.87
-8.52,9.9,3.02
8.26,6.95,9.83
9.07,-9.54,-7.55
-8.5,1.53,-7.38
-4.43,6.52,-4.38
9.71,0.18,-0.83
9.16,3.08,9.65
0.89,4.62,1.63
1.62,9.03,7.94
-7.12,6.33,1.17
3.95,2.25,-1.94
1.06,-4.33,8.95
1.96,4.97,4.58
-4.96,-5.16,7.89
-1.33,7.9,4.2
4.36,2.69,-5.36
-7.04,7.34,-2.63
-4.73,8.34,-4.85
3.3,6.54,0.86
2.15,4.92,1.47
2.42,0.11,2.19
-7.31,0.75,2.27
-4.47,7.64,3.47
-9.72,3.17,8.64
-4.85,-2.84,-0.54
-6.99,9.21,-0.53
7.25,-4.36,1.61
7.25,0.35,9.4
-8.35,-3.72,-2.58
2.8,-8.0,8.59
9.09,4.41,-1.49
1.5,7.23,-5.32
2.26,-6.98,-1.6
5.88,-8.22,-2.1
-4.07,-5.89,4.63
-3.02,5.43,7.56
9.84,-0.9,-3.21
5.64,5.33,5.49
-0.41,-0.31,-2.24
-0.9,-6.25,9.09
6.88,6.65,-2.31
7.61,7.06,-8.11
-9.95,3.15,-7.92
0.72,-9.04,7.28
0.1,0.32,-5.34
1.37,6.69,1.15
-2.77,-7.82,6.68
4.73,-8.83,-9.84
-5.09,3.94,-3.84
1.7,-9.91,0.52
-7.29,2.46,4.62
-1.91,-4.51,-1.0
-3.57,-9.19,2.81
5.9,-0.7,3.95
-0.57,-4.16,-5.8
2.25,0.31,-5.6
-3.85,8.09,-5.67
-3.26,-9.47,-7.38
-9.9,9.6,9.1
3.09,4.81,-8.27
-0.28,-3.52,-6.76
5.9,7.78,-9.4
2.23,5.55,-5.16
9.97,-4.42,-6.19
7.29,-2.43,0.65
9.04,3.81,1.27
-9.63,-2.47,-0.48
-1.04,-4.52,4.92
5.88,-9.04,9.97
9.68,-8.35,-5.07
-7.58,8.47,1.78
1.68,-2.05,-5.89
-0.83,3.26,-0.01
-3.83,0.57,-3.35
2.54,4.29,4.23
5.03,-0.31,1.04
1.63,0.26,7.73
-0.8,-4.24,-3.59
-5.17,-7.48,2.91
-6.33,7.94,-2.56
-8.18,-2.67,-6.26
-6.13,-0.28,-3.64
-0.84,-6.96,0.21
-0.91,7.88,-3.98
8.94,-1.46,4.98
5.52,-5.18,1.78
-3.03,0.68,-5.84
5.61,8.3,-4.42
0.61,8.94,-7.18
3.26,-4.59,-3.26
0.51,0.02,-7.12
-5.28,-4.2,1.58
5.86,-4.28,8.84
4.71,-0.83,0.12
7.25,5.44,-1.19
-4.82,9.48,5.87
1.27,9.18,2.14
8.02,9.0,4.67
8.83,-9.73,-9.06
9.39,-8.53,5.19
-1.32,-4.5,1.62
-3.45,-3.67,0.36
-1.54,9.66,-4.63
0.07,6.44,-3.82
5.02,9.5,-3.51
7.06,6.44,6.18
2.46,8.28,3.85
1.24,2.65,-7.48
6.9,3.75,9.52
7.78,-1.02,1.18
4.39,3.92,6.13
-1.75,-2.83,-4.0
7.09,-5.61,-0.01
9.72,-1.98,2.83
3.2,4.82,-8.12
9.94,-0.84,-4.3
5.76,-1.82,-3.76
7.29,-9.12,-7.23
2.78,-1.56,-3.96
-0.81,8.24,-2.98
0.06,4.46,2.32
-5.92,-1.93,-8.06
-9.54,0.61,-4.93
-1.89,-9.72,2.08
-8.11,0.58,-9.09
-5.98,9.47,3.78
3.08,-6.59,6.2
0.15,9.65,-9.67
-0.36,8.26,-1.0
-7.43,-4.49,-2.55
2.43,3.68,-4.89
4.91,7.16,-9.62
-0.02,-6.24,6.38
1.35,-4.02,5.32
4.28,5.74,-7.29
6.04,9.44,7.36
3.12,5.24,-6.67
-6.88,6.07,6.79
0.58,3.23,6.69
-3.96,8.54,7.43
7.22,2.22,-1.93
-1.12,6.06,-6.66
-6.99,8.63,2.33
-6.77,-5.82,-1.38
9.83,5.1,3.6
2.51,-6.97,7.87
7.48,-8.39,-0.97
-2.34,6.16,9.57
8.99,-5.0,-6.02
-5.56,-5.52,-9.57
1.79,-1.22,7.48
9.94,-2.64,-8.78
9.58,-0.86,-1.54
-7.55,5.03,-4.74
3.76,1.23,-0.38
-6.21,-5.35,9.05
-9.46,3.55,-2.1
-0.68,-6.27,9.04
-5.41,-0.04,3.47
-5.2,5.89,-2.64
-9.52,2.26,-4.78
1.17,-7.21,-4.11
-8.91,5.07,8.08
-2.1,-4.71,7.92
9.44,4.8,4.04
8.45,-8.79,8.18
3.72,0.56,-4.45
1.28,-0.28,-9.89
9.86,-0.75,2.59
2.55,-6.45,6.94
8.48,-4.66,-4.43
-8.75,-6.97,-2.08
7.14,-6.77,-2.83
-6.85,9.78,4.9
0.27,4.1,0.35
3.93,0.48,-0.58
8.65,7.32,2.23
-3.07,7.25,-8.36
-6.97,-8.78,-1.86
-0.76,-2.01,4.49
5.51,2.94,-1.26
-5.97,9.69,2.74
5.9,-5.77,-4.36
-7.23,9.65,2.57
-8.56,-1.02,6.76
-3.64,-3.9,-3.24
4.36,-1.4,-0.51
1.45,4.14,-7.61
-7.77,-6.12,-6.2
-4.79,1.02,-7.47
9.92,-1.06,8.35
0.15,2.75,0.35
-9.08,6.07,-0.05
8.52,-3.1,-0.43
-2.95,9.66,1.03
-5.41,7.44,8.89
1.99,7.55,-9.18
1.0,-7.16,-3.18
2.84,-1.5,3.44
-5.67,9.5,-4.31
9.32,-3.7,-9.5
-1.47,-9.35,-6.57
4.76,-7.57,7.06
-5.07,8.92,5.79
-4.36,3.0,-0.26
-9.15,-6.98,2.11
-8.59,5.63,-6.26
-8.89,0.22,-1.99
0.35,5.71,5.96
-6.4,-1.43,6.53
2.45,1.1,8.9
-7.25,-0.17,6.26
0.47,-8.63,-5.85
4.03,9.22,-6.82
6.13,-5.66,7.37
6.02,-6.9,1.66
7.98,-8.79,7.99
2.11,2.11,9.89
-4.76,8.83,-9.52
3.59,2.2,-1.22
-3.57,6.48,1.79
-5.27,8.57,6.89
7.09,7.2,-8.01
-0.06,-0.15,3.54
-5.95,-2.19,3.93
-1.94,5.7,6.61
0.45,7.85,-7.29
5.01,5.95,4.67
3.51,8.66,8.12
-3.16,-5.29,2.58
2.95,1.85,-8.34
-5.18,-3.33,0.01
2.67,-4.46,-4.54
8.77,-9.34,-2.36
7.43,6.96,3.06
-2.14,-8.22,9.1
7.36,1.79,-2.37
5.87,9.92,7.84
-3.43,-1.18,-0.52
-0.11,0.39,7.74
-5.81,4.6,0.21
4.84,3.67,-8.47
-7.46,-0.39,7.18
-8.97,7.7,-5.75
-8.32,-1.7,-1.26
6.74,9.36,2.01
-8.99,-8.45,-0.02
-6.08,5.43,7.57
-6.49,3.01,2.36
-0.72,-1.79,-9.54
5.33,-9.74,-2.9
-5.87,2.7,0.71
-5.36,-0.29,2.2
3.95,5.66,-5.92
6.76,-1.14,4.93
-9.42,7.29,6.71
-6.85,1.11,4.8
-5.3,4.25,1.82
-4.71,1.6,-8.36
-2.96,-4.18,4.18
-4.95,1.87,9.41
0.36,0.19,-4.22
1.74,8.37,-8.62
-2.44,7.42,3.16
-1.72,2.16,-6.0
4.83,3.3,4.32
-3.62,-4.32,3.4
3.23,0.49,5.82
-4.51,-7.13,-3.38
3.37,-2.76,-8.94
4.8,-4.43,7.76
4.72,-8.03,2.4
2.04,-6.73,-3.94
1.11,-9.01,-1.08
7.38,1.73,-3.67
-7.27,-5.94,5.71
-1.26,-6.54,-2.85
5.19,0.62,-1.17
-2.66,1.05,6.8
3.45,3.88,-4.63
-5.09,9.61,3.09
-1.45,1.58,1.79
1.26,3.37,6.07
1.19,-3.4,3.58
7.91,7.96,8.82
-0.71,-6.89,-9.89
6.77,-7.3,6.23
9.5,0.51,9.98
8.92,0.58,2.16
-3.91,-3.41,7.4
-0.46,2.78,-3.14
1.66,5.09,5.62
-1.68,-7.33,3.84
7.62,-3.6,0.51
8.68,8.53,-8.96
-9.76,-8.34,5.87
0.23,-8.36,-6.48
-2.01,-6.22,2.69
3.75,-6.36,0.03
-2.33,-2.78,-8.24
-5.83,-7.01,6.84
-3.51,-7.02,-9.59
9.23,-3.06,-7.96
1.24,-1.03,-7.86
3.97,6.96,-6.21
-1.05,-2.98,7.46
-6.59,-6.48,-9.11
-9.34,-5.17,-1.65
-5.74,-6.85,6.46
-8.43,4.05,-5.23
-6.95,-1.98,2.55
6.77,-3.78,-8.91
-1.9,-7.71,7.68
3.73,-0.5,-2.97
-3.35,1.35,-5.28
8.83,5.0,9.28
-5.69,-0.83,6.23
2.59,-7.51,-6.66
9.34,-5.51,5.92
6.64,6.13,2.12
9.06,-7.51,-4.25
-2.31,5.1,-6.17
4.95,-6.96,-6.54
4.88,-2.78,-5.55
-3.66,7.78,7.89
-4.32,9.93,-5.55
-0.49,-9.21,-2.21
-1.37,-0.44,2.92
-2.86,-5.43,9.08
2.74,4.68,-1.29
-4.97,2.25,-2.29
-8.91,-5.62,9.66
-6.46,-9.01,-9.37
3.6,6.02,1.12
6.54,7.41,-2.81
1.17,1.4,3.97
6.39,-7.08,-9.32
-1.1,-6.86,-8.46
9.04,4.64,9.13
3.3,3.32,-6.36
-7.47,-0.36,0.7
6.95,0.66,-1.06
1.57,1.78,-0.74
-8.13,8.78,9.33
-1.69,7.11,-7.59
3.72,2.3,5.8
-8.24,8.51,0.71
2.8,-6.91,-5.62
-8.94,-7.41,3.13
-0.94,2.06,0.17
0.51,-3.96,-4.68
-1.95,3.92,-2.72
-9.84,-7.46,5.71
6.32,0.2,-1.46
-9.1,-6.21,1.02
8.91,7.66,-0.83
-8.82,0.06,-8.92
-0.89,6.64,-6.69
2.37,6.81,-4.55
-2.69,1.94,-1.31
9.87,-6.35,0.42
-0.71,-4.36,-3.15
-9.55,5.93,-5.44
3.77,4.59,-1.83
-7.06,-1.66,-9.5
3.89,-0.29,2.42
5.71,0.37,-3.4
-9.77,-0.09,-6.91
9.04,-6.84,-2.61
-0.04,1.36,-8.17
-3.61,9.88,-2.3
1.01,-8.02,-0.63
1.67,-3.9,0.44
3.78,7.37,-0.55
-6.07,3.9,-2.17
5.51,-9.83,-1.4
-6.74,-4.0,5.01
7.72,-7.9,4.12
-8.03,9.09,0.94
-4.52,0.66,6.73
6.45,-5.78,8.15
5.53,-6.52,-6.88
-6.78,3.13,-0.09
2.08,0.34,0.53
-9.55,-0.42,5.04
3.79,-0.85,5.79
-0.92,-2.36,1.98
4.07,-5.61,1.34
-9.48,-2.11,2.8
-8.91,-4.79,9.02
2.35,-9.31,3.83
3.58,0.04,4.53
-5.4,-0.54,-4.21
-8.88,-7.8,-5.42
7.73,8.32,-9.05
-5.2,7.61,9.67
-1.06,-0.47,-3.93
-0.14,5.5,-2.0
2.91,-0.72,9.26
-1.09,4.6,-5.22
7.44,0.16,1.81
5.24,-5.29,7.82
-7.87,1.32,2.03
5.07,-6.79,-9.58
9.38,5.88,5.57
1.0,9.39,2.81
1.47,-3.0,9.89
-3.23,-6.01,-8.62
9.27,9.27,8.79
5.63,3.41,-2.37
-8.22,2.37,5.7
-1.76,-9.63,-4.67
-7.22,-8.83,7.18
-1.07,0.53,-1.74
5.66,0.65,3.99
8.26,1.95,6.14
0.99,-8.52,4.17
-9.2,7.74,1.42
-6.47,9.92,-0.34
-7.49,-2.57,-3.39
-1.93,6.47,4.86
9.77,-9.63,-0.63
-4.53,1.07,5.29
1.3,-8.93,-3.65
-0.54,-7.75,-8.73
-0.74,1.04,2.87
1.97,-0.08,-1.25
-5.62,-2.23,6.76
-9.63,-8.74,-8.92
6.01,3.75,-2.29
7.86,-5.85,3.45
2.39,5.98,-8.68
-6.81,-9.08,8.52
1.27,7.81,-7.63
-5.89,-2.62,-5.37
-6.06,4.74,-7.67
0.6,0.76,-0.56
6.95,9.64,6.1
-9.95,-0.43,-4.78
1.46,3.97,-5.14
-9.49,-9.51,7.12
-0.24,-9.87,-0.28
3.97,2.22,9.32
0.86,-8.3,-2.14
5.59,5.57,-0.43
-5.73,2.07,-6.36
-0.73,3.86,1.88
9.77,-7.55,2.61
7.69,6.15,-2.69
-7.67,9.0,4.98
-0.25,6.72,5.97
-9.95,0.4,1.98
1.03,9.76,5.96
-6.36,7.22,-7.47
-8.97,3.7,6.15
6.27,-3.44,-7.46
9.43,2.57,3.53
7.87,4.45,5.31
-6.73,-6.96,3.58
2.06,-3.68,-0.62
-8.95,-4.08,-3.21
4.23,9.21,-5.78
3.43,5.12,-4.73
3.41,-1.65,0.79
-5.02,-3.88,-8.92
-2.63,-8.33,1.92
-5.82,-3.25,0.44
-2.94,-0.52,-3.22
9.71,-4.82,4.66
8.84,-0.49,8.58
-5.41,-8.75,-3.99
-5.18,9.81,4.79
1.81,3.06,-4.51
-9.21,6.76,6.43
-9.0,-6.24,2.84
-8.59,8.21,9.25
4.73,-7.66,4.5
6.39,-5.21,1.42
0.82,2.85,-4.8
5.09,8.41,6.79
6.68,-8.38,0.18
9.34,6.02,1.96
5.06,9.48,6.51
-8.01,9.13,-4.39
-9.63,-6.76,9.48
7.38,2.09,2.7
4.44,6.93,-0.2
3.95,-1.92,6.35
-1.06,8.83,1.91
-3.66,9.91,5.45
4.6,-0.08,-9.88
4.5,-0.05,-8.58
-4.95,-6.81,-6.5
0.66,-3.14,2.58
7.33,-8.37,1.64
1.56,5.61,1.03
1.64,5.07,-1.2
9.49,3.98,-1.62
-5.78,9.19,0.24
-5.11,4.55,8.24
-2.15,-8.68,5.69
1.43,5.01,4.33
1.76,6.42,-1.01
6.25,-4.89,-2.29
0.12,-2.81,-6.99
-7.27,-8.43,-5.06
8.31,-7.41,-3.86
5.64,2.2,1.32
-2.7,-0.08,3.84
-9.99,-6.24,-7.85
-5.77,0.66,8.61
8.86,5.26,8.65
2.89,9.22,-6.8
1.12,-3.4,6.26
-7.21,2.49,3.92
7.26,3.19,-9.95
-8.33,6.81,9.37
-1.36,4.16,-9.49
0.47,-9.08,8.93
-0.3,-7.77,-3.28
-9.44,-5.31,0.38
3.2,0.23,4.28
-8.99,1.97,2.81
-9.94,2.77,-7.47
-4.05,8.4,-9.94
-7.45,-7.21,3.54
-3.86,-8.82,-9.44
-4.64,3.18,1.76
2.48,8.1,-3.31
-6.84,-6.43,4.62
-5.47,7.61,6.94
-8.82,-9.03,7.93
9.45,-0.05,1.99
-9.89,0.12,3.55
6.23,-2.24,-2.35
5.85,-8.24,-9.8
-1.12,-7.38,3.96
-4.01,-5.9,-2.14
-4.38,3.3,7.09
5.81,5.85,5.73
7.87,6.15,-8.35
-1.03,-4.27,5.06
1.54,-6.7,9.3
-2.3,-0.16,-1.24
5.54,-1.2,6.7
-7.49,-9.78,-9.61
2.17,-4.84,-6.41
-9.19,6.34,-9.03
-9.76,-9.1,-4.9
7.94,-1.22,-5.07
-9.56,-5.58,-7.83
6.01,-9.09,-7.7
-1.93,-0.18,2.9
0.52,8.46,2.76
2.36,-1.7,8.11
-2.94,-0.99,8.39
-6.68,-7.57,-6.5
-1.34,2.53,0.01
-0.6,-1.6,1.19
2.54,3.97,2.87
8.87,-4.44,-6.24
5.68,-5.64,-8.73
9.74,9.32,4.53
7.8,-2.39,4.79
9.68,-9.08,-5.55
0.97,6.19,0.96
-6.78,-6.99,-5.78
-8.8,-7.96,-2.17
-2.66,-0.44,-0.15
2.17,1.66,-5.75
1.01,3.7,3.65
-3.1,3.73,4.17
-7.13,-5.29,8.43
2.9,-5.57,-9.75
-6.08,0.0,6.46
-9.78,-1.33,8.87
-6.27,9.26,-9.72
6.08,8.69,-9.64
-7.2,7.48,0.48
-3.3,-9.93,-7.21
-3.7,2.93,-4.3
4.29,-5.3,-9.91
-4.44,-5.73,3.42
6.99,-3.34,9.3
3.18,-3.44,-2.48
6.71,3.75,3.5
9.14,-0.52,6.42
8.04,-8.82,-1.58
0.37,-8.31,-7.72
3.04,2.61,-3.1
-0.42,7.25,6.55
1.44,0.96,-6.5
-9.88,-6.54,-0.55
-1.53,4.87,4.77
5.1,-2.58,8.13
-6.4,9.9,9.56
2.76,1.28,6.28
1.5,8.38,0.18
6.91,7.2,-2.43
-9.36,-6.51,3.19
8.34,-6.58,-0.43
-3.74,6.48,7.44
-7.31,6.53,-8.31
-4.92,7.91,-3.67
-6.24,-1.56,-5.4
-5.27,0.53,1.72
-1.66,-2.03,-8.47
-7.63,8.75,7.51
-3.12,-4.02,7.46
-2.87,-2.89,-0.67
8.24,8.42,-6.96
-8.41,-5.92,5.46
0.55,-5.92,-0.97
9.1,7.38,9.21
5.0,3.69,-6.67
2.47,-9.15,8.16
-8.29,-1.17,3.27
2.75,-6.93,-9.54
2.84,-7.87,-2.08
8.6,-1.68,-9.83
-7.48,6.74,0.85
-0.45,-5.75,3.01
2.97,-9.79,-0.74
6.96,3.06,6.55
-7.62,-4.3,-0.25
-7.89,-7.16,-8.99
6.41,-9.81,-0.53
3.95,3.59,-4.41
-2.9,-1.68,1.84
-2.6,0.19,3.49
8.36,-8.31,4.98
-4.55,0.23,-7.55
-1.38,6.39,-6.64
-4.41,-9.34,-2.21
-5.12,5.72,-6.51
5.63,9.71,5.96
4.13,-5.02,-4.08
-3.86,-4.74,5.18
-3.06,-6.82,-8.71
-5.08,7.63,8.65
6.4,-5.23,1.19
5.21,4.2,-4.34
2.31,3.36,6.98
-3.41,-6.33,-8.26
-6.5,9.23,-4.56
1.9,-9.23,-8.59
-8.57,-8.5,-8.32
-9.42,-1.06,2.85
-0.49,-5.03,-1.14
3.53,1.19,0.81
5.94,-6.91,7.77
-8.15,-8.56,-7.28
-7.51,-0.68,-0.3
-6.73,-9.58,-3.83
6.31,-7.7,-6.99
6.25,5.33,2.8
0.61,9.47,9.72
2.94,-3.9,7.44
-7.18,-1.85,8.41
-0.39,-6.01,-1.78
4.33,4.29,6.23
-8.93,2.33,-5.36
-8.49,5.15,-7.53
3.0,-2.13,6.76
1.62,-2.82,9.31
8.52,-7.93,-1.36
-7.64,9.71,3.31
5.68,-6.04,3.63
-8.51,9.43,3.97
2.12,5.21,-4.11
0.87,0.86,6.84
-6.61,0.06,-1.03
-0.29,4.19,5.79
9.02,-4.97,-4.84
-4.43,-0.11,-7.33
-6.25,-7.26,8.15
3.03,-0.04,0.18
5.47,2.15,-0.03
-0.95,9.43,1.78
-8.2,-0.42,-2.38
-6.99,-1.93,-1.97
-9.4,6.66,-6.67
-1.38,0.72,-0.38
-2.34,6.58,2.03
1.02,-4.3,-5.96
1.97,-7.07,9.88
8.64,-5.33,9.84
-5.62,-0.48,2.45
-4.46,-9.92,-5.79
-2.62,-7.79,4.46
9.83,-9.51,-2.58
-2.08,1.37,-2.17
3.78,0.84,9.66
3.99,-6.11,2.57
7.75,5.91,0.08
7.16,-3.17,-8.35
-7.59,4.02,4.84
4.65,-2.28,-1.56
-8.44,-3.18,7.99
1.05,7.01,-4.53
7.07,-3.75,2.88
-6.6,0.66,6.66
7.25,4.33,0.02
-6.55,-3.84,2.41
-8.76,-3.62,3.27
-8.33,3.09,6.12
5.66,6.63,-5.39
9.19,-3.91,-7.88
-9.76,2.75,6.19
-7.01,-1.09,2.54
5.56,-5.01,1.85
6.94,5.39,5.09
-7.33,8.77,-9.13
4.1,1.58,8.82
-4.59,6.51,3.74
-9.33,3.4,-5.44
2.25,-2.22,3.05
9.67,-3.57,-8.14
0.0,9.63,-1.18
0.22,-2.94,6.65
-8.41,-6.22,5.74
9.92,-0.09,3.3
-7.86,5.58,4.28
8.73,-4.18,-3.3
0.98,7.41,-8.74
5.53,-8.75,-6.5
-2.34,-3.62,3.53
-3.1,-3.89,-7.22
-7.56,4.31,-8.5
2.53,-1.64,-2.69
-6.83,8.06,-4.42
6.8,0.71,3.54
-4.74,1.72,3.89
0.51,-4.31,4.24
1.38,4.6,1.91
-5.81,-8.34,2.04
-7.48,-2.59,5.27
6.59,4.2,2.13
-5.29,2.25,2.9
2.38,5.76,9.63
-1.39,-4.69,9.11
1.73,6.01,9.44
5.66,0.99,5.33
4.08,-0.34,4.66
-0.09,-9.97,-2.25
-2.13,-6.28,-9.96
-8.11,-7.2,7.6
2.56,-8.27,-0.15
-8.14,-6.59,-8.52
-9.82,-5.86,6.69
2.74,6.83,1.63
8.71,9.52,6.4
7.73,-1.18,0.76
7.91,2.2,1.38
-5.29,-3.5,-6.08
5.09,-7.99,-4.02
-6.83,3.36,-3.06
-4.14,-5.81,7.22
3.26,-5.38,3.4
-0.16,-2.7,6.64
-9.73,6.17,4.12
6.19,5.35,-8.87
-5.89,-5.35,3.05
-0.53,-4.95,0.26
-0.49,9.68,9.6
-9.23,3.1,7.91
-1.93,2.46,-9.48
4.89,-5.79,2.93
2.1,5.62,-4.4
-9.43,-5.62,8.46
5.55,-9.03,1.93
7.74,-4.63,-9.75
4.96,0.41,-6.15
-4.69,0.79,8.68
3.61,9.83,5.05
4.03,0.46,-9.16
-5.75,4.51,-4.13
-4.87,-0.42,5.19
-0.32,-0.88,8.95
2.21,-3.87,-2.2
8.5,5.83,9.18
6.67,7.51,1.95
-3.2,-0.92,-7.74
1.33,-9.26,-6.21
2.05,-1.32,2.55
-8.62,-8.13,5.09
0.1,-6.67,-0.38
6.68,-6.22,1.38
-6.23,-5.3,-2.64
-4.81,-0.88,-9.87
1.67,1.2,7.86
0.65,-6.26,-2.2
8.69,1.33,7.89
-8.13,4.37,-4.33
-9.92,2.76,6.95
6.69,-3.43,-9.83
-8.57,-8.45,-0.75
1.41,1.64,2.67
0.89,-0.21,7.43
-4.64,-2.55,1.51
7.51,5.72,-6.43
-9.78,-6.05,-4.37
6.47,-5.78,6.23
2.15,2.46,8.76
4.48,3.06,8.14
-7.49,-1.36,9.74
-1.11,-2.71,5.12
7.6,-4.46,2.3
-4.89,-5.41,-1.73
-7.94,-7.07,-9.1
-0.85,6.16,-4.09
-2.27,-4.85,-7.91
-5.38,2.23,-0.25
-5.63,3.83,-3.51
3.45,-7.03,8.07
-9.92,3.83,-7.01
-3.5,9.76,-1.45
3.03,5.21,-5.89
-7.87,3.68,2.22
-2.03,7.04,-5.05
-4.56,-3.83,-6.73
0.93,-7.14,5.16
1.75,-2.11,-3.52
4.99,4.64,-1.14
9.83,-2.98,-7.42
1.88,3.54,-7.95
7.49,7.45,-6.52
9.21,0.47,8.41
8.33,-4.94,6.54
-9.25,-9.48,-1.88
-1.81,3.34,8.27
-1.31,3.94,-3.08
-2.51,-4.26,-0.89
-8.54,6.03,4.12
-3.11,1.31,-3.01
-3.56,-5.99,-8.1
-7.31,-2.35,1.1
-6.93,-5.89,-6.97
7.07,3.8,3.22
5.44,6.54,-6.42
3.62,5.88,-3.74
0.1,2.6,8.44
-8.4,-5.68,0.81
8.93,1.09,4.09
-7.18,9.57,4.32
-6.17,-7.22,1.37
-8.74,-1.8,7.21
7.26,3.75,-4.42
7.84,-5.55,8.23
3.62,-2.01,-0.55
-9.28,0.7,4.25
1.83,-0.92,-5.68
-3.07,4.64,-2.97
6.62,-8.1,1.07
-1.37,5.37,-4.7
-1.13,5.52,-8.17
5.47,3.06,-2.02
-3.81,8.9,-3.83
5.75,1.3,3.46
-0.07,-2.28,-7.87
-8.34,7.47,-8.77
-0.53,-3.82,-2.12
7.64,2.48,4.25
-5.88,-9.5,0.99
4.66,8.93,-8.43
-4.19,-6.54,7.25
-4.94,8.16,8.88
0.84,-1.78,5.86
-7.69,-0.11,8.66
-8.34,-3.35,3.46
-3.23,8.49,8.65
8.93,0.11,2.11
-8.08,-3.16,9.28
4.61,-1.86,7.05
2.45,1.78,-6.96
9.1,-4.2,-0.14
0.55,3.52,-8.0
5.76,-2.67,-6.83
-9.07,-5.1,9.94
6.33,-0.03,-9.65
-6.27,3.56,9.26
2.58,-3.93,-9.9
1.72,9.04,5.64
-4.8,2.85,6.36
-2.91,-2.35,-9.31
2.52,-4.93,8.2
-0.1,8.78,3.25
-3.66,-2.12,3.74
6.03,1.15,7.58
-6.37,6.16,2.54
-5.88,-8.08,-6.67
7.26,9.93,-3.26
-8.18,2.62,2.2
3.1,7.29,7.45
5.35,-0.22,-9.35
9.34,1.17,0.89
-0.7,5.69,-8.92
-1.88,4.32,-9.7
-0.62,8.55,4.49
7.17,7.57,1.28
8.71,2.47,2.29
3.34,1.7,8.58
8.05,-9.93,7.33
9.95,8.76,3.34
9.15,1.37,7.3
-4.19,-6.18,3.71
-7.77,8.97,7.81
-0.97,9.45,-9.38
-0.84,6.92,-1.99
4.27,-2.72,-2.23
8.77,2.67,9.01
6.47,-1.53,-1.12
3.19,-4.53,-7.94
-5.5,5.46,-3.55
6.98,-3.19,9.34
3.39,-1.94,-8.77
8.71,-6.93,-0.57
8.53,5.15,-7.53
-4.98,-8.25,0.29
8.19,-3.53,4.1
-4.56,-6.54,-2.96
9.66,0.02,-9.02
-7.97,-0.71,0.07
-1.2,-6.14,-9.14
-5.76,-0.04,-6.44
-8.02,-6.2,0.64
4.39,9.36,8.47
2.85,-2.67,-8.94
-9.65,-8.52,-1.47
8.49,-6.06,3.21
-6.12,6.28,1.08
-9.62,2.31,-4.23
-1.3,-5.09,-5.8
6.83,9.54,1.05
7.3,-8.99,7.62
9.71,0.66,-3.9
9.14,-7.54,8.6
-6.71,-9.15,-7.86
-1.52,-0.65,1.42
-4.03,-1.88,-7.71
-5.95,-4.53,1.56
2.65,-6.42,2.31
9.61,-1.01,-6.29
5.79,7.3,-3.62
-6.13,-9.49,-7.85
4.87,-9.94,4.9
8.83,4.81,2.86
-6.43,-3.77,-9.61
3.37,3.95,-9.17
-5.3,-9.77,3.44
0.8,-6.43,-3.29
-4.3,-6.25,-0.35
-4.23,9.54,-4.87
6.95,3.69,-2.85
-2.39,2.75,-7.88
3.27,6.16,8.66
-4.09,-2.42,-4.06
-1.54,-1.02,-0.11
-3.18,-5.55,7.18
-5.14,5.42,6.88
-1.76,9.44,6.79
9.49,2.25,5.07
-5.38,4.13,-8.68
-8.35,6.51,-1.25
-1.83,4.1,-2.7
8.89,-6.92,-8.15
8.21,-1.77,-9.18
-7.23,-6.78,-8.64
-5.69,5.72,-2.95
-3.75,-8.54,-6.74
-8.95,0.51,-2.12
5.97,3.43,-5.63
5.97,-5.13,4.07
4.13,4.73,8.39
-2.17,-5.26,5.94
-6.89,-7.0,1.19
2.63,-7.26,-7.46
-8.87,-1.86,-4.99
2.28,-0.39,9.51
4.88,6.4,0.28
9.29,9.13,1.92
9.79,5.8,5.01
5.6,-1.99,-7.06
-9.06,-9.93,-4.62
5.27,8.21,-4.59
1.97,-7.24,-8.43
3.88,6.31,-2.91
9.56,-1.99,-0.63
2.9,1.82,1.95
-7.53,-3.19,8.04
-7.87,2.77,-2.54
-6.35,-1.26,0.74
3.25,-0.05,-7.9
6.18,-3.26,-7.94
8.76,8.71,-4.54
8.19,2.23,5.48
5.4,3.64,9.89
7.61,5.5,7.09
-3.75,-0.55,8.72
-0.57,5.87,-7.24
-3.99,-9.56,8.38
-4.91,4.93,0.58
0.6,2.3,3.22
-6.87,2.04,1.0
4.88,0.99,-0.61
-6.72,7.29,-8.44
-1.09,-7.39,7.04
-3.5,-5.85,-3.81
-8.35,6.43,6.52
-6.91,4.48,-8.45
-1.57,8.45,2.07
-6.37,-8.41,6.43
-8.75,5.82,8.13
-5.67,-4.14,-5.02
2.13,0.37,-9.78
3.85,2.89,0.49
-8.96,7.25,-8.51
6.71,-2.3,4.84
3.52,1.55,4.03
7.6,5.84,-8.92
-0.47,9.7,7.05
-0.5,-8.95,5.85
1.21,-4.95,-2.45
-7.76,2.26,-0.15
9.1,3.82,5.64
6.91,-4.63,1.69
9.85,1.08,1.42
-8.13,-3.96,0.83
8.75,3.96,-6.96
1.8,5.8,9.65
-7.21,9.46,8.4
-4.89,7.38,9.58
-2.98,6.23,0.84
-5.61,-7.28,5.6
5.54,3.89,6.39
-0.93,-9.2,-0.16
-6.44,-1.46,3.76
1.34,-1.58,6.87
-5.64,5.2,-2.87
4.7,8.17,0.44
0.24,-5.23,-6.55
-7.16,0.27,1.99
1.37,4.52,7.96
4.77,3.64,-2.63
3.36,-1.23,6.31
6.26,8.58,-7.67
-9.26,7.73,-1.72
-1.54,7.99,2.88
5.04,-8.11,-7.81
2.02,-7.24,-4.81
4.22,-5.24,-8.77
-9.27,6.79,7.17
0.53,2.19,-3.61
-1.21,1.78,-2.74
7.12,4.69,-7.18
0.4,5.59,8.51
-5.57,1.68,-7.25
-4.62,-8.0,-5.79
6.24,-3.59,7.82
-9.45,6.31,-8.86
0.76,6.94,8.14
-6.81,1.34,-4.45
-6.01,-1.25,4.05
2.32,5.65,2.51
1.45,-4.3,0.95
1.42,6.91,-9.99
9.17,-1.44,1.15
4.42,-3.29,6.04
0.31,1.5,2.3
-0.74,6.03,0.5
-7.65,1.95,-5.97
-2.75,4.89,0.83
-1.93,-9.7,-3.22
1.0,6.54,-6.18
1.35,5.0,4.81
2.0,6.14,-4.08
-7.45,7.98,-7.04
-1.31,-6.01,-5.32
-4.07,-6.97,7.11
8.6,7.44,8.34
-0.54,9.57,-0.7
4.25,3.76,1.34
-7.09,8.28,8.42
-3.72,8.31,5.82
-0.29,-7.72,5.99
9.27,-0.32,-6.02
9.8,-2.48,-0.54
3.25,-5.04,-1.78
9.9,8.63,9.27
9.64,5.14,0.54
8.67,7.17,0.4
-5.22,-6.61,5.66
-1.47,7.61,-4.05
-6.23,-5.0,7.7
6.36,0.82,0.53
-2.81,6.56,4.67
2.64,0.12,8.88
-9.01,-7.69,-8.07
-9.02,-3.7,2.86
-4.83,7.99,-0.41
-2.79,7.08,-6.5
1.13,2.5,7.6
9.64,-3.9,-9.41
-2.97,-9.92,-7.81
-8.46,-9.19,3.12
7.08,3.74,-2.51
-4.88,-8.74,-2.53
4.77,6.24,4.29
7.65,-9.55,-0.55
-0.09,-0.76,-6.39
-7.01,1.01,0.07
4.4,-8.32,7.66
6.93,-1.47,-2.38
7.45,9.46,4.69
2.06,0.91,-2.74
4.01,5.41,6.55
-9.94,5.17,5.64
5.91,-7.05,9.29
4.48,-8.81,-3.23
4.37,-0.3,3.47
-4.65,-4.3,1.1
3.27,1.35,1.59
-6.78,-3.68,2.59
-7.95,-6.56,1.58
1.11,-0.66,9.35
6.67,-6.5,8.92
-6.46,0.46,-4.28
-9.6,8.71,-5.07
-1.96,-3.54,-3.73
-6.14,3.84,5.0
-6.81,6.82,4.56
8.92,4.48,2.02
-4.48,9.78,5.88
-9.39,2.06,-8.61
-3.85,-8.85,8.6
-2.14,2.2,9.48
-4.6,0.64,-7.46
-4.53,9.05,8.09
6.04,-3.54,-2.09
-6.05,-7.86,-2.16
-0.75,2.97,-6.8
-2.66,-5.04,-1.12
5.83,4.97,6.8
-6.64,-3.13,-9.9
-0.01,1.9,4.43
-9.69,-3.07,5.69
6.34,7.33,-7.25
4.59,3.97,-8.54
7.23,-6.32,5.35
-4.18,-4.83,-1.89
-7.32,4.2,6.22
7.89,-1.26,-7.58
-7.26,5.11,3.26
-5.04,9.43,-0.29
7.51,-1.14,-7.16
-2.95,-5.03,-9.97
5.3,4.5,-4.62
-8.52,-9.25,-4.0
-4.21,-0.74,9.57
-4.43,-5.87,-7.59
-6.51,-4.67,-8.31
0.1,7.54,6.99
3.64,-3.54,-7.56
-5.87,-0.1,9.76
0.29,-1.01,-5.79
0.32,-9.83,2.93
-0.54,-0.65,-6.05
-8.25,8.6,-8.5
6.73,-4.61,-1.65
9.01,3.2,4.14
-4.84,-9.48,-1.91
-8.78,8.06,-3.58
-3.26,2.69,-9.99
1.1,-6.74,2.17
-4.29,3.32,2.59
-0.37,3.07,-1.43
7.75,-7.88,-0.27
8.81,4.36,-0.25
4.36,9.23,2.28
2.73,-9.35,-0.61
4.12,-6.07,6.68
0.89,-7.16,-1.33
6.19,3.76,2.0
-4.51,-3.9,5.79
-1.9,-0.38,0.38
-4.51,1.88,5.15
-5.35,6.08,4.41
-8.09,-7.3,-8.94
-1.7,-1.31,6.25
-1.36,-1.75,-2.35
-1.06,4.75,-0.34
1.2,2.7,-1.37
4.18,-7.42,-8.69
3.53,5.48,5.22
-3.97,-5.28,-2.42
2.36,-7.77,-8.53
0.56,-7.21,-5.84
3.5,-9.68,1.69
8.45,-6.81,9.29
2.34,-9.0,-0.44
3.06,6.65,7.42
6.81,-1.59,2.82
-2.0,9.96,-4.68
-7.36,1.7,-0.14
1.54,-8.9,-5.13
6.24,-5.79,7.6
8.9,1.12,-6.62
-8.04,0.01,7.94
-8.12,-5.08,6.93
-6.55,-2.2,-2.71
-4.22,8.18,-1.55
-1.16,-9.69,-7.34
-8.56,-5.86,-4.83
-6.54,4.9,-3.16
-9.49,0.24,7.43
-3.08,7.13,-4.92
-3.0,-1.28,7.21
-8.49,-7.76,5.88
9.25,-9.35,1.65
-0.03,-6.37,3.13
4.09,2.57,-6.18
5.26,5.07,4.82
5.75,-9.54,6.92
2.01,8.31,-1.78
2.99,-9.07,3.33
2.75,-9.03,4.89
-4.55,5.42,-9.17
9.47,-6.23,-3.74
-7.15,-2.07,2.78
1.22,9.16,-7.9
-6.77,-0.09,4.21
-3.7,-2.05,-7.58
-7.91,-7.14,-9.89
5.8,-0.95,0.99
0.39,-1.43,-3.69
-4.37,-1.66,-2.9
6.72,-8.55,6.02
5.15,7.88,5.01
-4.03,0.54,5.46
2.02,9.59,-4.94
-1.12,9.14,3.76
-9.5,5.97,-2.52
-0.45,-8.71,-8.83
3.45,8.69,8.71
-4.56,0.12,-5.02
-1.8,0.92,-6.11
3.52,-4.71,-8.58
-4.79,-9.08,1.13
9.61,0.34,-3.22
4.8,8.88,4.6
-7.17,-8.07,-5.94
6.65,-5.49,6.83
9.13,0.69,-4.36
-0.83,2.5,7.47
-9.03,-6.48,6.51
6.23,-4.23,-3.21
-5.0,9.82,4.39
-3.0,-4.85,-9.67
-3.5,-3.1,-5.38
6.25,-6.79,7.3
-7.18,0.25,-4.44
8.09,-0.32,1.79
-0.73,-5.0,9.83
9.19,5.52,7.45
0.62,-8.58,-4.46
1.19,-8.85,9.39
-8.21,6.62,2.78
1.88,7.57,-9.87
7.73,-9.0,-8.7
3.53,6.04,-9.4
-9.58,-6.51,5.7
9.46,2.08,-9.82
0.74,5.29,9.07
-3.22,5.58,7.24
-3.05,8.63,4.79
2.86,-3.28,5.01
-0.02,8.88,-3.94
3.11,-2.43,4.83
2.48,4.33,-8.74
-5.5,-1.03,-1.96
-4.51,-0.22,2.39
-5.77,-1.79,-9.7
1.38,4.45,-3.37
3.26,0.3,1.84
-2.35,9.75,-0.85
-3.9,2.33,-2.63
8.51,8.38,2.45
-9.31,-3.26,-1.04
-9.02,-7.0,-1.07
9.02,-3.58,-4.75
-7.04,-9.66,-7.44
8.79,3.8,-5.39
8.72,-5.72,-3.69
8.46,-0.07,-8.3
-5.0,-2.81,-3.19
5.25,1.55,5.25
4.23,6.7,-9.53
-1.52,-3.83,7.49
-5.51,-4.76,6.18
-7.42,4.07,8.14
-7.88,0.7,4.94
9.41,-4.94,9.45
-0.85,7.24,6.33
3.21,-1.54,-7.04
-0.97,3.36,6.79
3.69,9.86,4.39
-2.0,5.44,-1.17
-4.9,-6.52,-6.42
9.29,0.31,-5.19
-5.29,6.15,-3.04
4.57,-4.61,2.89
4.37,-3.21,7.33
-1.51,-7.91,-4.12
-6.75,-0.01,-6.47
4.02,9.51,4.06
9.52,9.56,6.11
6.67,8.54,3.42
-0.57,-4.36,4.83
-2.59,-2.84,8.85
-2.03,8.59,-7.97
1.41,-0.93,2.97
2.23,4.6,0.66
-8.07,-7.15,-9.06
8.93,0.38,7.72
-0.86,-0.45,7.54
5.62,1.42,-6.45
0.69,6.28,8.86
-0.07,-5.89,-0.93
-5.39,3.58,4.62
-8.96,-1.31,-8.27
1.05,5.89,0.77
7.3,7.18,-1.4
-3.77,-8.23,-5.23
-5.34,-1.84,-1.19
-5.07,5.17,-1.21
-9.34,0.31,-9.95
-6.01,-3.94,-6.03
6.2,3.27,-5.35
-0.64,2.61,-2.45
5.34,-4.46,-1.48
-7.83,3.52,6.35
-3.0,-3.26,-5.93
3.49,-5.6,-1.07
3.31,-3.7,2.83
1.42,9.69,-9.69
7.6,1.39,-9.47
9.58,-7.54,-4.89
9.48,-4.37,-8.65
-8.88,3.21,6.88
-6.3,-7.25,-5.32
-0.81,2.6,-9.44
3.75,5.43,-4.63
6.06,4.66,-6.84
-9.52,4.38,1.08
-2.64,-9.45,2.28
-3.54,-6.9,5.5
5.73,8.68,2.5
3.86,-6.51,5.11
-4.24,-3.47,-9.58
-3.68,8.08,-2.41
5.45,4.52,-5.63
-7.83,6.42,-2.46
-6.91,7.65,-6.14
7.8,9.77,8.59
4.29,4.55,-3.0
9.27,-1.93,1.38
-2.08,3.15,2.91
0.84,9.07,0.23
-1.6,-2.15,9.5
4.65,-9.07,0.55
-9.35,5.26,5.78
-4.31,4.66,-1.03
5.81,2.67,-4.14
-2.09,-5.95,-9.45
-5.67,0.31,-5.87
-2.27,-4.29,3.62
0.82,8.96,1.16
-2.92,1.85,6.2
-1.18,4.6,2.78
1.77,-8.59,-8.34
-2.2,-1.71,-6.4
8.51,-6.3,2.27
-3.47,2.36,7.34
6.83,-6.29,3.46
-0.66,2.81,0.71
8.93,-1.58,7.31
-7.75,2.28,5.73
-5.85,5.44,-7.76
-1.16,-2.82,-4.43
8.89,4.87,-3.44
-9.68,3.12,-5.16
6.14,-6.44,1.73
3.81,-4.66,-4.03
4.79,0.21,5.78
-9.62,-5.62,9.16
-4.23,7.83,-2.15
-6.03,-1.41,4.29
-2.77,0.38,-7.61
-9.97,1.58,-2.49
3.92,2.58,-7.88
0.22,-2.33,-9.62
9.36,0.22,-3.23
3.77,-0.45,5.47
-0.84,8.32,8.67
8.43,3.08,-1.82
7.61,1.63,7.87
-7.5,-6.3,-0.69
4.43,-5.92,-0.4
0.32,6.78,-2.65
2.08,-1.2,-6.23
-9.77,-3.04,8.09
-2.81,-1.96,8.68
-2.29,-8.67,-6.82
6.71,-9.27,0.9
-4.76,0.79,9.69
-0.62,-0.36,-9.74
3.63,-5.25,-1.02
-8.03,-9.08,-1.02
-4.84,5.75,5.59
-3.58,4.43,-9.91
5.47,3.2,4.68
2.66,-6.99,-3.08
-9.21,9.17,1.58
2.17,-3.58,9.55
4.68,3.61,7.49
-0.63,-6.47,9.05
4.59,-7.59,6.29
7.85,0.69,-6.83
-0.44,-8.68,9.23
-5.83,-7.6,-8.04
-3.63,6.93,-2.91
-4.74,-1.83,-3.1
9.91,1.35,-6.99
7.13,-3.8,-0.31
-2.96,7.29,6.16
8.57,-0.54,-0.31
3.63,-9.6,-8.28
-4.12,9.13,-9.96
4.23,3.32,-0.09
7.2,-8.42,-1.49
-7.79,8.71,8.9
-2.93,6.2,-3.77
6.95,0.68,-3.96
4.57,-9.22,2.82
6.58,5.63,-9.04
9.4,3.94,-8.95
1.71,2.04,-7.76
9.69,-2.67,-4.17
-5.31,6.0,-3.72
6.16,-3.98,9.67
-3.41,6.57,-8.05
2.12,-3.6,-8.97
-9.53,9.59,3.5
-5.61,7.04,0.7
0.34,-8.98,-1.27
-0.08,-0.18,-8.03
7.36,-0.79,3.29
8.89,-2.28,2.92
-8.11,-1.85,9.96
-9.52,4.34,-1.48
-4.75,5.79,9.41
5.49,-2.83,0.26
2.48,-0.88,-3.7
1.5,3.8,5.65
1.01,9.29,7.24
-4.19,-2.62,-9.69
5.06,-5.77,3.02
2.2,8.9,0.97
-3.17,0.31,5.67
8.68,-4.47,-5.3
8.79,-6.62,1.45
2.73,6.07,-4.76
6.5,2.07,-4.86
-0.64,-5.74,8.56
-1.58,-4.62,0.05
-6.83,-9.01,-4.25
-3.66,7.07,4.97
-8.06,-1.62,9.49
6.74,3.98,6.87
2.43,-0.52,-9.14
9.36,9.87,3.77
-2.26,4.73,9.27
1.06,-4.51,-3.93
7.42,7.51,-8.1
-4.65,7.22,6.81
-6.18,-5.61,-2.08
-0.28,-1.21,-7.27
4.75,1.65,0.44
-2.42,-6.74,-9.19
5.21,7.04,-2.74
0.42,-0.27,3.57
9.05,-0.1,-3.21
1.8,-0.08,4.52
-8.66,6.26,-0.36
2.39,-3.34,-9.46
5.8,5.46,3.03
1.25,9.76,-2.78
6.41,2.44,8.28
-6.17,-7.41,-9.7
5.69,5.68,-1.07
-5.96,6.13,-0.85
-9.85,-0.55,-0.41
-4.5,7.4,-1.32
5.15,4.73,-6.03
-1.17,9.42,8.29
0.57,1.68,-0.75
-7.97,-4.94,5.47
7.73,-4.52,-8.0
-8.54,-5.7,-1.93
6.52,9.62,-2.6
6.01,-1.09,6.72
4.89,6.1,1.6
5.45,6.67,1.0
6.06,1.05,7.13
5.87,5.98,-6.75
-0.6,-6.34,-3.75
4.87,8.74,-9.21
7.57,9.04,-4.98
-7.04,0.19,4.28
-2.22,-5.59,7.44
-2.46,-4.9,-4.58
9.6,-3.45,-6.47
5.5,5.91,3.33
1.57,0.9,8.24
-9.45,-0.68,-5.29
9.77,-4.32,-5.03
9.1,7.13,0.92
-2.45,9.25,8.46
-4.79,-3.76,3.37
7.16,-3.49,0.46
-1.78,5.26,-2.26
4.7,7.53,1.82
-7.15,-3.23,6.51
7.11,4.87,6.05
7.74,7.23,-1.3
9.81,2.56,2.01
-1.57,0.87,9.8
5.84,-2.7,-1.39
-0.97,-5.57,4.28
-9.41,0.98,-9.37
2.61,-1.41,6.94
0.81,-4.11,2.29
2.63,-9.27,-0.03
-8.49,1.46,-8.64
4.31,-3.71,3.73
3.06,-7.84,6.86
-7.94,2.22,-1.55
-5.81,9.94,-6.58
-8.8,3.74,4.52
2.19,7.64,-1.07
3.71,3.2,-1.41
-8.82,3.03,-3.72
3.39,7.7,4.91
-7.34,7.23,1.33
1.23,6.73,-7.01
3.78,-2.29,9.36
9.07,6.83,3.79
-6.28,1.71,8.61
7.15,-2.3,7.83
6.0,-2.13,-5.27
-6.31,-8.84,-6.85
-7.04,8.01,0.99
-6.23,-7.73,7.11
-1.3,-3.52,8.52
-8.01,-0.46,-3.01
8.18,3.05,-6.16
4.65,4.64,-5.99
-3.61,1.51,-7.51
1.87,1.68,5.09
2.63,-3.1,-0.38
4.33,6.91,0.45
9.65,-8.49,4.07
-9.55,-6.76,7.13
9.44,-6.09,3.47
-3.68,-0.8,-7.59
-1.76,-5.61,0.38
4.05,-1.54,8.91
-7.47,-9.27,-8.81
-5.43,-3.23,6.5
0.38,1.52,-9.76
-8.31,-0.21,6.69
0.33,-3.41,3.64
-3.06,-6.39,9.8
4.88,8.48,-7.66
0.18,5.36,-7.56
8.95,-9.51,-5.66
-0.04,-8.59,-0.69
-4.18,8.53,-0.5
8.79,0.95,-5.97
-1.59,-4.66,-9.53
4.23,-7.65,-3.7
-8.08,-9.29,1.01
1.08,1.19,-8.8
-1.38,3.76,6.03
-8.42,9.98,-5.82
-1.51,8.56,3.5
5.86,4.04,-1.1
-8.26,-6.86,9.69
1.61,9.11,4.67
4.93,-5.17,5.88
1.47,-0.3,0.68
-5.8,2.79,-8.69
8.33,9.29,-4.14
5.54,9.42,-0.56
2.07,0.9,1.77
4.6,-4.4,-3.35
-6.69,3.71,2.82
-4.89,9.69,-7.67
7.7,-7.62,0.79
-4.7,3.0,5.28
2.34,1.82,6.81
-1.34,2.46,6.56
-0.47,-9.62,-9.12
4.17,3.99,-6.52
7.1,-1.98,6.62
-4.82,-9.55,7.85
3.4,-6.84,-2.63
-4.95,-9.37,-5.0
-9.07,-9.07,8.12
2.17,6.35,-4.95
3.06,2.18,1.5
-8.19,8.88,-8.77
-0.05,-0.51,-0.04
-4.11,8.4,5.99
-6.29,5.94,-8.76
9.83,-5.95,-1.96
-0.97,3.61,7.61
-0.58,-8.87,-6.93
3.7,-4.87,-8.69
-8.88,-3.03,6.5
-3.54,1.52,4.07
5.15,-9.3,-9.24
6.48,-5.41,-3.13
8.37,7.58,-5.96
9.92,-0.92,-0.09
-2.19,0.06,4.55
-8.63,4.28,-8.92
2.96,9.58,9.26
7.3,7.47,0.18
-6.68,8.23,0.29
5.55,-1.43,-3.12
9.27,0.63,4.75
0.84,-7.1,-9.44
8.12,0.08,-0.45
9.67,2.11,0.2
-4.77,7.33,2.1
-2.19,6.9,4.87
-1.57,-5.88,4.29
8.44,-9.65,3.78
2.57,7.45,-4.38
4.11,-7.32,-1.89
-4.22,-1.25,-7.85
2.99,-8.75,8.33
9.99,3.73,-8.21
-3.52,-0.03,9.43
-2.78,2.35,6.14
-0.78,2.75,-6.76
2.57,9.07,-6.03
-2.7,-1.51,0.9
2.13,4.04,-2.27
8.23,0.8,-6.17
6.04,-5.78,5.97
4.59,-8.45,-4.15
-1.21,6.66,9.94
-0.08,1.89,9.95
1.35,-2.02,-7.68
0.35,7.35,2.99
-0.67,3.68,-4.81
-7.38,-4.39,-7.74
2.44,-6.27,-7.42
8.55,-1.67,-2.78
1.73,5.08,-4.07
3.91,-0.81,9.23
-3.84,7.98,7.11
-1.48,-5.27,4.08
-1.36,4.24,-3.73
-7.91,2.74,-8.39
-2.53,-8.0,4.7
8.91,-4.16,-4.51
-9.07,0.31,8.33
-1.55,-7.81,-6.13
-9.89,-8.34,-0.67
1.56,3.89,5.04
2.82,-8.53,5.32
0.75,9.56,9.73
-3.56,-8.43,5.38
-7.26,9.83,8.28
2.38,-0.26,2.5
5.47,-6.22,-2.39
-4.13,5.48,-9.17
6.61,6.14,0.53
-2.91,6.32,1.29
-6.71,7.99,3.52
-4.45,-9.16,-0.96
-7.7,-7.67,-2.58
5.98,-9.47,0.25
7.02,0.74,-8.19
-6.04,-7.09,-4.19
5.67,6.92,-3.13
1.36,9.51,1.46
-5.59,-1.13,-1.41
2.74,3.48,-4.75
-7.04,7.38,9.78
9.02,-8.8,9.93
2.74,2.72,-2.06
-8.73,-0.56,-9.23
-4.49,8.93,-2.67
8.05,-8.55,3.77
-2.43,0.19,3.34
-5.24,-1.43,8.39
-6.89,-9.38,8.2
-0.38,-1.89,9.95
-9.32,-0.54,7.49
-2.34,2.57,-3.1
2.06,8.57,8.01
-1.15,5.34,2.23
1.03,1.69,-3.24
-8.17,-3.72,-9.03
7.15,-2.31,-4.72
4.14,-2.22,-1.05
-7.93,5.26,8.27
-5.35,8.07,-3.84
2.66,8.51,-7.1
9.42,5.15,-7.28
0.02,2.97,-1.83
6.77,1.96,-1.22
1.3,4.55,1.7
-4.49,8.25,-3.47
-8.54,5.65,-1.48
-2.29,-8.42,5.63
7.75,0.45,1.83
4.38,0.17,-1.42
-5.67,7.21,-4.79
-3.13,1.35,4.46
-8.01,0.54,2.11
-5.76,7.54,7.07
8.01,7.7,-8.6
-7.42,7.92,-5.26
9.37,5.46,4.02
9.87,7.47,-1.84
6.86,2.7,-0.1
-7.69,-6.8,-9.67
4.86,6.8,-2.13
8.97,6.61,3.67
2.39,3.13,-4.39
-1.73,1.99,-3.09
8.17,-5.91,-6.69
-4.69,-1.42,-4.86
-5.0,6.22,-4.14
-2.71,-3.38,-6.72
-7.03,-2.61,-4.69
9.56,-3.31,4.33
-8.58,4.6,8.86
7.59,-6.48,-7.79
-3.46,-2.97,-0.69
-1.02,6.02,-5.29
-0.55,0.89,-3.82
2.27,7.82,-8.67
-5.12,7.84,-1.68
-0.72,2.16,-9.41
-2.32,7.01,-5.76
-8.89,2.28,-6.6
-3.52,-0.87,4.6
-5.36,-5.14,-3.14
0.8,3.99,-4.27
-5.37,6.03,-8.86
-4.52,6.73,-1.53
0.08,9.61,3.7
-2.53,-4.99,1.23
4.17,-1.19,-8.83
-4.96,4.1,-5.03
9.35,4.81,-8.91
-0.55,4.67,1.56
-8.89,0.69,2.99
-5.84,-8.85,-1.33
3.55,5.51,2.66
-4.97,-9.97,-3.64
7.52,-8.41,-9.45
-2.07,3.93,0.29
1.9,-7.59,-1.82
6.13,8.24,-7.6
-0.0,-4.03,-1.34
-8.0,3.68,-1.5
8.21,8.87,1.44
7.26,-5.78,1.82
-2.51,-2.88,3.64
6.65,-4.65,-5.13
-4.82,-5.56,-6.91
-4.49,-7.67,-1.67
7.54,-4.67,-5.1
-9.7,8.8,-1.45
-2.51,-3.48,2.19
9.32,-9.23,-3.14
8.2,3.95,-1.95
-1.89,-5.98,6.71
8.39,1.57,-4.92
7.51,5.69,0.89
3.37,7.21,5.9
8.14,9.94,-2.47
-9.07,-3.39,-1.1
5.62,6.38,1.16
1.59,1.97,-6.99
-5.34,4.48,1.68
9.24,1.24,-7.54
-8.15,-9.75,8.39
-8.25,2.48,4.51
-3.69,4.57,-7.29
-4.33,-0.95,-2.27
7.35,0.01,4.81
-4.74,-1.24,-2.98
-5.99,5.82,-3.78
-3.18,2.03,-1.06
-6.15,6.07,-1.29
